title,opportunityId,link,description,deadline,openDate,amount,agency,category,source,keyword,scrapedAt
CONSORTIUM FOR NUCLEAR FORENSICS,361410,https://www.grants.gov/search-results-detail/361410,,06/10/2026,03/04/2026,,NNSA,,Grants.gov,youth workforce,2026-03-04T22:33:08.299Z
FY 2026 English Access Scholarship Program,361396,https://www.grants.gov/search-results-detail/361396,,05/01/2026,03/03/2026,,Bureau Of Educational and Cultural Affairs,,Grants.gov,youth workforce,2026-03-04T22:33:08.314Z
Early Career Research Program (ECRP),361393,https://www.grants.gov/search-results-detail/361393,,06/02/2026,03/03/2026,,Office of Science,,Grants.gov,youth workforce,2026-03-04T22:33:08.314Z
FY 2026 J. Christopher Stevens Virtual Exchange Initiative   (JCSVEI) Program,361398,https://www.grants.gov/search-results-detail/361398,,05/01/2026,03/03/2026,,Bureau Of Educational and Cultural Affairs,,Grants.gov,youth workforce,2026-03-04T22:33:08.314Z
FY 2026 Ngawang Choephel Fellows Program,361401,https://www.grants.gov/search-results-detail/361401,,05/01/2026,03/03/2026,,Bureau Of Educational and Cultural Affairs,,Grants.gov,youth workforce,2026-03-04T22:33:08.314Z
FY 2026 National Security Language Initiative for Youth (NSLI-Y),361397,https://www.grants.gov/search-results-detail/361397,,05/01/2026,03/03/2026,,Bureau Of Educational and Cultural Affairs,,Grants.gov,youth workforce,2026-03-04T22:33:08.314Z
Facilitator Training for Victim Offender Dialogue,361378,https://www.grants.gov/search-results-detail/361378,,04/17/2026,02/27/2026,,National Institute of Corrections,,Grants.gov,youth workforce,2026-03-04T22:33:08.314Z
Peer Supports for Augmentative and Alternative Communication,361379,https://www.grants.gov/search-results-detail/361379,,,02/27/2026,,Administration for Community Living,,Grants.gov,youth workforce,2026-03-04T22:33:08.314Z
Dental Faculty Loan Repayment Program (DFLRP),361375,https://www.grants.gov/search-results-detail/361375,,,02/26/2026,,Health Resources and Services Administration,,Grants.gov,youth workforce,2026-03-04T22:33:08.314Z
Capital Improvements for At-Risk/Receivership/Substandard/Troubled PHAs,361366,https://www.grants.gov/search-results-detail/361366,,04/28/2026,02/25/2026,,Department of Housing and Urban Development,,Grants.gov,youth workforce,2026-03-04T22:33:08.314Z
Next-Generation Geothermal Field Tests and Geothermal Resource Characterization and Confirmation,361365,https://www.grants.gov/search-results-detail/361365,,03/27/2026,02/25/2026,,Golden Field Office,,Grants.gov,youth workforce,2026-03-04T22:33:08.314Z
"The Reentry Employment in Skilled Trades, Advanced Manufacturing, Registered Apprenticeships, and Training (RESTART) Initiative",361368,https://www.grants.gov/search-results-detail/361368,,04/15/2026,02/25/2026,,Employment and Training Administration,,Grants.gov,youth workforce,2026-03-04T22:33:08.314Z
"OSERS-OSEP: State Technical Assistance Projects to Improve Services and Results for DeafBlind Children, Assistance Listing Number 84.326T",361336,https://www.grants.gov/search-results-detail/361336,,04/21/2026,02/20/2026,,Department of Education,,Grants.gov,youth workforce,2026-03-04T22:33:08.314Z
FY 2026 Young Southeast Asian Leaders Initiative (YSEALI)  Professional Fellowship,361330,https://www.grants.gov/search-results-detail/361330,,04/20/2026,02/19/2026,,Bureau Of Educational and Cultural Affairs,,Grants.gov,youth workforce,2026-03-04T22:33:08.314Z
FY 2026 Community College Administrator Program,361327,https://www.grants.gov/search-results-detail/361327,,04/20/2026,02/19/2026,,Bureau Of Educational and Cultural Affairs,,Grants.gov,youth workforce,2026-03-04T22:33:08.314Z
Comprehensive Addiction and Recovery Act (CARA),361329,https://www.grants.gov/search-results-detail/361329,,,02/19/2026,,Centers for Disease Control - NCIPC,,Grants.gov,youth workforce,2026-03-04T22:33:08.314Z
OJJDP FY25 Second Chance Act Youth Reentry Program,361321,https://www.grants.gov/search-results-detail/361321,,03/30/2026,02/18/2026,,Office of Juvenile Justice Delinquency Prevention ,,Grants.gov,youth workforce,2026-03-04T22:33:08.314Z
Energy Frontier Research Centers (EFRCs),361309,https://www.grants.gov/search-results-detail/361309,,07/01/2026,02/18/2026,,Office of Science,,Grants.gov,youth workforce,2026-03-04T22:33:08.314Z
Strengthening Community Colleges Training Grants (Round 6),361307,https://www.grants.gov/search-results-detail/361307,,05/20/2026,02/17/2026,,Employment and Training Administration,,Grants.gov,youth workforce,2026-03-04T22:33:08.314Z
Pay-for-Performance (PfP) Incentive Payments Program,361087,https://www.grants.gov/search-results-detail/361087,,04/03/2026,02/13/2026,,Employment and Training Administration,,Grants.gov,youth workforce,2026-03-04T22:33:08.314Z
"FY 2026 English Language Fellow, Specialist, and Virtual Educator Program",361293,https://www.grants.gov/search-results-detail/361293,,04/24/2026,02/13/2026,,Bureau Of Educational and Cultural Affairs,,Grants.gov,youth workforce,2026-03-04T22:33:08.314Z
National Quantum and Nanotechnology Infrastructure,361297,https://www.grants.gov/search-results-detail/361297,,05/14/2026,02/13/2026,,U.S. National Science Foundation,,Grants.gov,youth workforce,2026-03-04T22:33:08.314Z
Research Grants in Clinical Informatics (R01 Clinical Trial Optional),359004,https://www.grants.gov/search-results-detail/359004,,03/05/2029,02/11/2026,,National Institutes of Health,,Grants.gov,youth workforce,2026-03-04T22:33:08.314Z
FY 2026 Implementation of the U.S. Integrated Ocean Observing System (IOOS),361274,https://www.grants.gov/search-results-detail/361274,,04/13/2026,02/10/2026,,DOC NOAA - ERA Production,,Grants.gov,youth workforce,2026-03-04T22:33:08.314Z
Advanced Rehabilitation Research Training (ARRT) Program - Community Living and Participation,360521,https://www.grants.gov/search-results-detail/360521,,04/13/2026,02/10/2026,,Administration for Community Living,,Grants.gov,youth workforce,2026-03-04T22:33:08.314Z
Senior Medicare Patrol State Project Grants - Pennsylvania,361003,https://www.grants.gov/search-results-detail/361003,,04/13/2026,02/10/2026,,Administration for Community Living,,Grants.gov,youth workforce,2026-03-04T22:33:08.314Z
Field Initiated Projects Program: Minority-Serving Institutions (MSI) -Research,360526,https://www.grants.gov/search-results-detail/360526,,04/13/2026,02/10/2026,,Administration for Community Living,,Grants.gov,youth workforce,2026-03-04T22:33:08.314Z
Field Initiated Projects Program: Minority-Serving Institutions (MSI) - Development,360527,https://www.grants.gov/search-results-detail/360527,,04/13/2026,02/10/2026,,Administration for Community Living,,Grants.gov,youth workforce,2026-03-04T22:33:08.314Z
Advanced Rehabilitation Research Training (ARRT) Program - Health and Function,360514,https://www.grants.gov/search-results-detail/360514,,04/13/2026,02/10/2026,,Administration for Community Living,,Grants.gov,youth workforce,2026-03-04T22:33:08.314Z
Advanced Rehabilitation Research Training (ARRT) Program - Employment,360493,https://www.grants.gov/search-results-detail/360493,,04/13/2026,02/10/2026,,Administration for Community Living,,Grants.gov,youth workforce,2026-03-04T22:33:08.314Z
BRAIN Initiative: Research Resource Grants for Technology Integration and Dissemination (U24 Clinical Trial Not Allowed),358859,https://www.grants.gov/search-results-detail/358859,,10/06/2028,02/09/2026,,National Institutes of Health,,Grants.gov,youth workforce,2026-03-04T22:33:08.314Z
Cartel Recruitment Understanding & Suppression Hub (CRUSH,361257,https://www.grants.gov/search-results-detail/361257,,03/06/2026,02/06/2026,,Bureau of International Narcotics-Law Enforcement,,Grants.gov,youth workforce,2026-03-04T22:33:08.314Z
Alumni Engagement Innovation Fund (AEIF) 2026: Strengthen U.S.–Kazakhstan Partnerships Through Alumni-Led Innovation,361250,https://www.grants.gov/search-results-detail/361250,,03/20/2026,02/06/2026,,U.S. Mission to Kazakhstan,,Grants.gov,youth workforce,2026-03-04T22:33:08.314Z
Next Gen STEM (NGS) NASA Aerospace Skilled Technical Workforce Hubs (NAS_Hub),361254,https://www.grants.gov/search-results-detail/361254,,03/20/2026,02/06/2026,,National Aeronautics and Space Administration,,Grants.gov,youth workforce,2026-03-04T22:33:08.314Z
Countering Cartel Recruitment in Mexico,361256,https://www.grants.gov/search-results-detail/361256,,04/06/2026,02/06/2026,,Bureau of International Narcotics-Law Enforcement,,Grants.gov,youth workforce,2026-03-04T22:33:08.314Z
Building Sustainable Software Tools for Open Science (R03 Clinical Trial Not Allowed),361239,https://www.grants.gov/search-results-detail/361239,,,02/05/2026,,National Institutes of Health,,Grants.gov,youth workforce,2026-03-04T22:33:08.314Z
Pilot Program to Increase Research Capacity at  Historically Black Colleges and Universities and Other Minority-Serving Institutions,361240,https://www.grants.gov/search-results-detail/361240,,04/10/2026,02/05/2026,,Dept of the Army -- Materiel Command,,Grants.gov,youth workforce,2026-03-04T22:33:08.314Z
CyberAICorps Scholarship for Service,361238,https://www.grants.gov/search-results-detail/361238,,04/03/2026,02/04/2026,,U.S. National Science Foundation,,Grants.gov,youth workforce,2026-03-04T22:33:08.314Z
Fiscal Year (FY) 2026 AmeriCorps Seniors RSVP Competition,361221,https://www.grants.gov/search-results-detail/361221,,03/26/2026,01/30/2026,,AmeriCorps,,Grants.gov,youth workforce,2026-03-04T22:33:08.314Z
Fiscal Year (FY) 2026 AmeriCorps State and National Competitive Grants,361222,https://www.grants.gov/search-results-detail/361222,,03/31/2026,01/30/2026,,AmeriCorps,,Grants.gov,youth workforce,2026-03-04T22:33:08.314Z
Agriculture and Food Research Initiative  Strengthening Agricultural Systems,361211,https://www.grants.gov/search-results-detail/361211,,03/26/2026,01/29/2026,,National Institute of Food and Agriculture,,Grants.gov,youth workforce,2026-03-04T22:33:08.314Z
Pilot and Feasibility Studies in Preparation for Substance Use and HIV Prevention Intervention and Services Research Trials,361204,https://www.grants.gov/search-results-detail/361204,,,01/26/2026,,National Institutes of Health,,Grants.gov,youth workforce,2026-03-04T22:33:08.314Z
Native Hawaiian Library Services Grants (2026),361174,https://www.grants.gov/search-results-detail/361174,,04/10/2026,01/21/2026,,Institute of Museum and Library Services,,Grants.gov,youth workforce,2026-03-04T22:33:08.314Z
Native American Library Services Enhancement Grants (2026),361173,https://www.grants.gov/search-results-detail/361173,,04/10/2026,01/21/2026,,Institute of Museum and Library Services,,Grants.gov,youth workforce,2026-03-04T22:33:08.314Z
NIH Collaborative International Research Project (Parent PF5 Clinical Trial Optional),360581,https://www.grants.gov/search-results-detail/360581,,05/07/2029,01/20/2026,,National Institutes of Health,,Grants.gov,youth workforce,2026-03-04T22:33:08.314Z
Agriculture and Food Research Initiative Competitive Grants Program Education and Workforce Development,361169,https://www.grants.gov/search-results-detail/361169,,12/31/2026,01/20/2026,,National Institute of Food and Agriculture,,Grants.gov,youth workforce,2026-03-04T22:33:08.314Z
"Homeless Veterans&rsquo; Reintegration Program (HVRP), Incarcerated Veterans&rsquo; Transition Program (IVTP), and the Homeless Women Veterans' and Homeless Veterans' with Children Reintegration Grant Program (HWVHVWC) (referred to collectively as HVRP)",360161,https://www.grants.gov/search-results-detail/360161,,03/06/2026,01/16/2026,,Veterans Employment and Training Service,,Grants.gov,youth workforce,2026-03-04T22:33:08.314Z
NIH Research Educational Program -Mentoring Activities & Networks (R25/UE5),361160,https://www.grants.gov/search-results-detail/361160,,,01/15/2026,,National Institutes of Health,,Grants.gov,youth workforce,2026-03-04T22:33:08.314Z
NIH Research Education Program - Research Experiences (R25),361159,https://www.grants.gov/search-results-detail/361159,,,01/15/2026,,National Institutes of Health,,Grants.gov,youth workforce,2026-03-04T22:33:08.314Z
Veterinary Services Grant Program,361158,https://www.grants.gov/search-results-detail/361158,,04/16/2026,01/15/2026,,National Institute of Food and Agriculture,,Grants.gov,youth workforce,2026-03-04T22:33:08.314Z
Ambassador's Fund for Cultural Preservation,361407,https://www.grants.gov/search-results-detail/361407,,04/03/2026,03/04/2026,,U.S. Mission to Georgia,,Grants.gov,workforce development,2026-03-04T22:33:09.440Z
U.S. Ambassadors Fund for Cultural Preservation Freedom 250,361395,https://www.grants.gov/search-results-detail/361395,,04/15/2026,03/03/2026,,Bureau Of Educational and Cultural Affairs,,Grants.gov,workforce development,2026-03-04T22:33:09.440Z
State and Jurisdictional Humanities CouncilsGeneral Operating Support Grants,361405,https://www.grants.gov/search-results-detail/361405,,04/06/2026,03/03/2026,,National Endowment for the Humanities,,Grants.gov,workforce development,2026-03-04T22:33:09.440Z
FY 2026 American Film Showcase,361402,https://www.grants.gov/search-results-detail/361402,,06/01/2026,03/03/2026,,Bureau Of Educational and Cultural Affairs,,Grants.gov,workforce development,2026-03-04T22:33:09.440Z
FY 2026 Leaders Lead On-Demand,361400,https://www.grants.gov/search-results-detail/361400,,05/05/2026,03/03/2026,,Bureau Of Educational and Cultural Affairs,,Grants.gov,workforce development,2026-03-04T22:33:09.440Z
Fiscal Year 2027 National Sea Grant College Program Dean John A. Knauss Marine Policy Fellowship,361392,https://www.grants.gov/search-results-detail/361392,,07/22/2026,03/02/2026,,DOC NOAA - ERA Production,,Grants.gov,workforce development,2026-03-04T22:33:09.440Z
Securing Convictions from Vetted and Special Unit Operations,361388,https://www.grants.gov/search-results-detail/361388,,03/20/2026,03/02/2026,,U.S. Mission to Mexico,,Grants.gov,workforce development,2026-03-04T22:33:09.440Z
Awards for Faculty at HBCUs,361391,https://www.grants.gov/search-results-detail/361391,,04/22/2026,03/02/2026,,National Endowment for the Humanities,,Grants.gov,workforce development,2026-03-04T22:33:09.440Z
Public Scholars,361387,https://www.grants.gov/search-results-detail/361387,,04/22/2026,03/02/2026,,National Endowment for the Humanities,,Grants.gov,workforce development,2026-03-04T22:33:09.440Z
Fellowships,361385,https://www.grants.gov/search-results-detail/361385,,04/22/2026,03/02/2026,,National Endowment for the Humanities,,Grants.gov,workforce development,2026-03-04T22:33:09.440Z
Fellowships for Advanced Social Science Research on Japan,361390,https://www.grants.gov/search-results-detail/361390,,04/22/2026,03/02/2026,,National Endowment for the Humanities,,Grants.gov,workforce development,2026-03-04T22:33:09.440Z
NextTech: Translational Development of Next-Generation Diagnostic and Therapeutic Devices (R18 Clinical Trial Not Allowed),361380,https://www.grants.gov/search-results-detail/361380,,,02/27/2026,,National Institutes of Health,,Grants.gov,workforce development,2026-03-04T22:33:09.440Z
Rural Microentrepreneur Program(RMAP),361374,https://www.grants.gov/search-results-detail/361374,,06/30/2026,02/26/2026,,Rural Business-Cooperative Service ,,Grants.gov,workforce development,2026-03-04T22:33:09.440Z
Rural Microentrepreneur Assistance Program,361373,https://www.grants.gov/search-results-detail/361373,,06/30/2026,02/26/2026,,Rural Business-Cooperative Service ,,Grants.gov,workforce development,2026-03-04T22:33:09.440Z
Veterans Legacy Grants Program,360057,https://www.grants.gov/search-results-detail/360057,,03/27/2026,02/25/2026,,Veterans Legacy Grants Program,,Grants.gov,workforce development,2026-03-04T22:33:09.440Z
Innovation Grants to Nurture Initial Translational Efforts (IGNITE): Therapeutic Agent Characterization and Preclinical Efficacy Studies,361370,https://www.grants.gov/search-results-detail/361370,,,02/25/2026,,National Institutes of Health,,Grants.gov,workforce development,2026-03-04T22:33:09.440Z
Innovation Grants to Nurture Initial Translational Efforts (IGNITE): Assay Development and Therapeutic Agent Identification,361369,https://www.grants.gov/search-results-detail/361369,,,02/25/2026,,National Institutes of Health,,Grants.gov,workforce development,2026-03-04T22:33:09.440Z
Delta Rural Integrated Health Network Program,361364,https://www.grants.gov/search-results-detail/361364,,,02/24/2026,,Health Resources and Services Administration,,Grants.gov,workforce development,2026-03-04T22:33:09.440Z
Region 9 Fiscal Year 2025 Wetland Program Development Grants,361361,https://www.grants.gov/search-results-detail/361361,,04/13/2026,02/24/2026,,Environmental Protection Agency,,Grants.gov,workforce development,2026-03-04T22:33:09.440Z
Precision Measurement Grant Program,361351,https://www.grants.gov/search-results-detail/361351,,06/22/2026,02/23/2026,,National Institute of Standards and Technology,,Grants.gov,workforce development,2026-03-04T22:33:09.440Z
"HEAL Initiative: Program to Reveal and Evaluate Cells-to-gene Information that Specify Intricacies, Origins and the Nature of (PRECISION) Human Pain Network",361334,https://www.grants.gov/search-results-detail/361334,,,02/20/2026,,National Institutes of Health,,Grants.gov,workforce development,2026-03-04T22:33:09.440Z
FY 2025 Region 4 Wetlands Program,361338,https://www.grants.gov/search-results-detail/361338,,04/06/2026,02/20/2026,,Environmental Protection Agency,,Grants.gov,workforce development,2026-03-04T22:33:09.440Z
Region 08 Fiscal Year 2025 Wetland Program Development Grants,361337,https://www.grants.gov/search-results-detail/361337,,04/20/2026,02/20/2026,,Environmental Protection Agency,,Grants.gov,workforce development,2026-03-04T22:33:09.440Z
Region 1 Fiscal Year 2025 Wetland Program Development Grants,361335,https://www.grants.gov/search-results-detail/361335,,04/24/2026,02/20/2026,,Environmental Protection Agency,,Grants.gov,workforce development,2026-03-04T22:33:09.440Z
Region 2 Fiscal Year 2025 Wetland Program Development Grants,361331,https://www.grants.gov/search-results-detail/361331,,04/10/2026,02/19/2026,,Environmental Protection Agency,,Grants.gov,workforce development,2026-03-04T22:33:09.440Z
Pathways to Enable Secure Open-Source Ecosystems,361333,https://www.grants.gov/search-results-detail/361333,,09/01/2026,02/19/2026,,U.S. National Science Foundation,,Grants.gov,workforce development,2026-03-04T22:33:09.440Z
Region 7 Fiscal Year 2025 Wetland Program Development Grants,361311,https://www.grants.gov/search-results-detail/361311,,04/06/2026,02/18/2026,,Environmental Protection Agency,,Grants.gov,workforce development,2026-03-04T22:33:09.440Z
Region 06 Fiscal Year 2025 Wetland Program Development Grants,361312,https://www.grants.gov/search-results-detail/361312,,04/06/2026,02/18/2026,,Environmental Protection Agency,,Grants.gov,workforce development,2026-03-04T22:33:09.440Z
Region 5 Fiscal Year 2025 Wetland Program Development Grants,361319,https://www.grants.gov/search-results-detail/361319,,04/06/2026,02/18/2026,,Environmental Protection Agency,,Grants.gov,workforce development,2026-03-04T22:33:09.440Z
Region 10 Fiscal Year 2025 Wetland Program Development Grants,361313,https://www.grants.gov/search-results-detail/361313,,04/10/2026,02/18/2026,,Environmental Protection Agency,,Grants.gov,workforce development,2026-03-04T22:33:09.440Z
Limited Competition: Small Grant Program for the NCATS Clinical and Translational Science Award (CTSA) Program (Clinical Trial Optional),361317,https://www.grants.gov/search-results-detail/361317,,,02/18/2026,,National Institutes of Health,,Grants.gov,workforce development,2026-03-04T22:33:09.440Z
OJJDP FY25 Second Chance Act Addressing the Needs of Incarcerated Parents and Their Minor Children,361320,https://www.grants.gov/search-results-detail/361320,,03/30/2026,02/18/2026,,Office of Juvenile Justice Delinquency Prevention ,,Grants.gov,workforce development,2026-03-04T22:33:09.440Z
2026 Community Wood Energy and Wood Innovation Program,360601,https://www.grants.gov/search-results-detail/360601,,04/22/2026,02/18/2026,,Forest Service,,Grants.gov,workforce development,2026-03-04T22:33:09.440Z
2026 Wood Products Infrastructure Assistance Program,360602,https://www.grants.gov/search-results-detail/360602,,04/22/2026,02/18/2026,,Forest Service,,Grants.gov,workforce development,2026-03-04T22:33:09.440Z
2026 Wood Innovations Grant Funding Opportunity,360250,https://www.grants.gov/search-results-detail/360250,,04/22/2026,02/18/2026,,Forest Service,,Grants.gov,workforce development,2026-03-04T22:33:09.440Z
Service Area Competition - Additional Area 1,361137,https://www.grants.gov/search-results-detail/361137,,03/16/2026,01/13/2026,,Health Resources and Services Administration,,Grants.gov,workforce,2026-03-04T22:33:10.556Z
National Leadership Grants for Libraries (2026),361140,https://www.grants.gov/search-results-detail/361140,,03/13/2026,01/13/2026,,Institute of Museum and Library Services,,Grants.gov,workforce,2026-03-04T22:33:10.556Z
Museum Grants for African American History and Culture (2026),361144,https://www.grants.gov/search-results-detail/361144,,03/13/2026,01/13/2026,,Institute of Museum and Library Services,,Grants.gov,workforce,2026-03-04T22:33:10.556Z
Museums for America (2026),361142,https://www.grants.gov/search-results-detail/361142,,03/13/2026,01/13/2026,,Institute of Museum and Library Services,,Grants.gov,workforce,2026-03-04T22:33:10.556Z
Inspire Grants for Small Museums (2026),361145,https://www.grants.gov/search-results-detail/361145,,03/13/2026,01/13/2026,,Institute of Museum and Library Services,,Grants.gov,workforce,2026-03-04T22:33:10.556Z
21st Century Museum Professionals Program (2026),361143,https://www.grants.gov/search-results-detail/361143,,03/13/2026,01/13/2026,,Institute of Museum and Library Services,,Grants.gov,workforce,2026-03-04T22:33:10.556Z
Laura Bush 21st Century Librarian Program (2026),361139,https://www.grants.gov/search-results-detail/361139,,03/13/2026,01/13/2026,,Institute of Museum and Library Services,,Grants.gov,workforce,2026-03-04T22:33:10.556Z
Museum Grants for American Latino History and Culture (2026),361146,https://www.grants.gov/search-results-detail/361146,,03/13/2026,01/13/2026,,Institute of Museum and Library Services,,Grants.gov,workforce,2026-03-04T22:33:10.556Z
Museums Empowered (2026),361149,https://www.grants.gov/search-results-detail/361149,,03/13/2026,01/13/2026,,Institute of Museum and Library Services,,Grants.gov,workforce,2026-03-04T22:33:10.556Z
Native American Library Services Basic Grant (2026),361141,https://www.grants.gov/search-results-detail/361141,,03/13/2026,01/13/2026,,Institute of Museum and Library Services,,Grants.gov,workforce,2026-03-04T22:33:10.556Z
OVW Fiscal Year 2026 Invitation to Apply Administrative Funding Adjustment 1,361404,https://www.grants.gov/search-results-detail/361404,,03/05/2026,03/03/2026,,Office on Violence Against Women,,Grants.gov,leadership,2026-03-04T22:33:14.600Z
Building EPSCoR-State/National Laboratory Partnerships,361314,https://www.grants.gov/search-results-detail/361314,,05/21/2026,02/18/2026,,Office of Science,,Grants.gov,leadership,2026-03-04T22:33:14.600Z
"Advancing Bioinformatics, Translational Bioinformatics and Computational Biology Research (R01 Clinical Trial Optional)",359003,https://www.grants.gov/search-results-detail/359003,,03/05/2029,02/11/2026,,National Institutes of Health,,Grants.gov,leadership,2026-03-04T22:33:14.600Z
Impact of Initial Influenza Exposure on Immunity in Infants (U01 Clinical Trial Not Allowed),359939,https://www.grants.gov/search-results-detail/359939,,06/04/2026,02/10/2026,,National Institutes of Health,,Grants.gov,leadership,2026-03-04T22:33:14.600Z
Freedom 250 Outreach Across India,361261,https://www.grants.gov/search-results-detail/361261,,03/10/2026,02/09/2026,,U.S. Mission to India,,Grants.gov,leadership,2026-03-04T22:33:14.600Z
The NINDS Human Biospecimen and Data Repository (U24 - Clinical Trial Not Allowed),358861,https://www.grants.gov/search-results-detail/358861,,03/09/2026,02/06/2026,,National Institutes of Health,,Grants.gov,leadership,2026-03-04T22:33:14.600Z
Single Source for Continuation of the Accelerating Medicines Partnership (AMP) in Common Metabolic Diseases (CMD) Knowledge Portal (U01 Research Project (Cooperative Agreement) Clinical Trial not allowed),359015,https://www.grants.gov/search-results-detail/359015,,03/10/2026,02/06/2026,,National Institutes of Health,,Grants.gov,leadership,2026-03-04T22:33:14.600Z
Single Source: Chronic Kidney Diseases of UnceRtain Etiology (CKDu) in Agricultural Communities (CURE) Research Consortium- Renal and Environmental Science Core (U01-Clinical Trial Not Allowed),361241,https://www.grants.gov/search-results-detail/361241,,,02/05/2026,,National Institutes of Health,,Grants.gov,leadership,2026-03-04T22:33:14.600Z
Early-Stage Dissemination and Implementation Research in Communication Disorders (R21 Clinical Trial Optional),359274,https://www.grants.gov/search-results-detail/359274,,06/17/2027,02/05/2026,,National Institutes of Health,,Grants.gov,leadership,2026-03-04T22:33:14.600Z
National Centers for Cryo-electron Tomography (cryoET) (R24 -Clinical Trial Not Allowed),359656,https://www.grants.gov/search-results-detail/359656,,01/26/2027,02/05/2026,,National Institutes of Health,,Grants.gov,leadership,2026-03-04T22:33:14.600Z
The Metastasis Research Network (MetNet): MetNet Research Projects (U01 Clinical Trial Not Allowed),359725,https://www.grants.gov/search-results-detail/359725,,11/22/2028,02/04/2026,,National Institutes of Health,,Grants.gov,leadership,2026-03-04T22:33:14.600Z
Specialized Alcohol Research Centers (P50 Clinical trial Optional),361216,https://www.grants.gov/search-results-detail/361216,,,01/30/2026,,National Institutes of Health,,Grants.gov,leadership,2026-03-04T22:33:14.600Z
Pilot Projects Enhancing Utility and Usage of Common Fund Data Sets (R03 Clinical Trial Not Allowed),359879,https://www.grants.gov/search-results-detail/359879,,06/23/2026,01/30/2026,,National Institutes of Health,,Grants.gov,leadership,2026-03-04T22:33:14.600Z
Single Source: Outcomes of Electronic Medical Records and Genomics (eMERGE) Genomic Risk Assessment and Management Network - Coordinating Center (U01 Clinical Trial Required),359173,https://www.grants.gov/search-results-detail/359173,,03/06/2026,01/30/2026,,National Institutes of Health,,Grants.gov,leadership,2026-03-04T22:33:14.600Z
ROSS Rapid Response Program,361206,https://www.grants.gov/search-results-detail/361206,,01/25/2027,01/26/2026,,Department of Housing and Urban Development,,Grants.gov,leadership,2026-03-04T22:33:14.600Z
Expanding Financial Literacy and Empowerment: Increasing Awareness and Use of ABLE Accounts for Americans with Disabilities,361403,https://www.grants.gov/search-results-detail/361403,,,03/03/2026,,Administration for Community Living,,Grants.gov,veteran,2026-03-04T22:33:15.750Z
Value-Added Producer Grant,361290,https://www.grants.gov/search-results-detail/361290,,04/22/2026,02/17/2026,,Rural Business-Cooperative Service ,,Grants.gov,veteran,2026-03-04T22:33:15.750Z
Veterans Cemetery Grants,361262,https://www.grants.gov/search-results-detail/361262,,07/01/2026,02/09/2026,,VA National Cemetery Administration,,Grants.gov,veteran,2026-03-04T22:33:15.750Z
"Office of Special Education and Rehabilitative Services (OSERS): Rehabilitation Services Administration (RSA): Braille Training Program, Assistance Listing Number 84.235E",361064,https://www.grants.gov/search-results-detail/361064,,03/27/2026,12/29/2025,,Department of Education,,Grants.gov,veteran,2026-03-04T22:33:15.750Z
Traumatic Brain Injury State Partnership,361056,https://www.grants.gov/search-results-detail/361056,,,12/23/2025,,Administration for Community Living,,Grants.gov,veteran,2026-03-04T22:33:15.750Z
Biological Technologies,360698,https://www.grants.gov/search-results-detail/360698,,09/30/2026,10/01/2025,,DARPA - Biological Technologies Office,,Grants.gov,veteran,2026-03-04T22:33:15.750Z
Comprehensive Suicide Prevention Program for States,360595,https://www.grants.gov/search-results-detail/360595,,,09/15/2025,,Centers for Disease Control - NCIPC,,Grants.gov,veteran,2026-03-04T22:33:15.750Z
Grants for Adaptive Sports Programs for Disabled Veterans and Disabled Members of the Armed Forces (Equine Therapy Grants),360405,https://www.grants.gov/search-results-detail/360405,,,09/02/2025,,National Veterans Sports Programs,,Grants.gov,veteran,2026-03-04T22:33:15.750Z
Grants for Adaptive Sports Programs for Disabled Veterans and Disabled Members of the Armed Forces (Adaptive Sports Grants),360391,https://www.grants.gov/search-results-detail/360391,,,09/02/2025,,National Veterans Sports Programs,,Grants.gov,veteran,2026-03-04T22:33:15.750Z
CHEERS Open Period 1 - All Technical Areas,360261,https://www.grants.gov/search-results-detail/360261,,09/30/2027,08/07/2025,,Air Force -- Research Lab,,Grants.gov,veteran,2026-03-04T22:33:15.750Z
CHEERS Open Period 2 - All Technical Areas,360262,https://www.grants.gov/search-results-detail/360262,,09/30/2027,08/07/2025,,Air Force -- Research Lab,,Grants.gov,veteran,2026-03-04T22:33:15.750Z
Agriculture and Food Research Initiative Competitive Grants Program Foundational and Applied Science Program,360205,https://www.grants.gov/search-results-detail/360205,,12/31/2026,08/01/2025,,National Institute of Food and Agriculture,,Grants.gov,veteran,2026-03-04T22:33:15.750Z
Identify and Evaluate Potential Risk Factors for Amyotrophic Lateral Sclerosis (ALS),360195,https://www.grants.gov/search-results-detail/360195,,,07/31/2025,,Centers for Disease Control and Prevention - ERA,,Grants.gov,veteran,2026-03-04T22:33:15.750Z
FY25 Naval Air Warfare Center Aircraft Division Office-Wide Broad Agency Announcement,359802,https://www.grants.gov/search-results-detail/359802,,06/22/2026,06/27/2025,,NAVAIR,,Grants.gov,veteran,2026-03-04T22:33:15.750Z
Defense Sciences Office (DSO) Office-wide BAA,359239,https://www.grants.gov/search-results-detail/359239,,06/02/2026,06/03/2025,,DARPA - Defense Sciences Office,,Grants.gov,veteran,2026-03-04T22:33:15.750Z
Broad Agency Announcement for Fundamental AI Research,358687,https://www.grants.gov/search-results-detail/358687,,,04/16/2025,,Army Contracting Command Rock Island,,Grants.gov,veteran,2026-03-04T22:33:15.750Z
DoD Cyber Service Academy (DoD CSA),358380,https://www.grants.gov/search-results-detail/358380,,01/22/2030,01/23/2025,,Washington Headquarters Services,,Grants.gov,veteran,2026-03-04T22:33:15.750Z
Updated National Dislocated Worker Grant Program Guidance and Application Information,357771,https://www.grants.gov/search-results-detail/357771,,12/31/2026,12/17/2024,,Employment and Training Administration,,Grants.gov,veteran,2026-03-04T22:33:15.750Z
HARMONY: Human-Centric Analytics for Resilient & Modernized Power sYstems,357592,https://www.grants.gov/search-results-detail/357592,,04/09/2026,12/09/2024,,National Energy Technology Laboratory,,Grants.gov,veteran,2026-03-04T22:33:15.750Z
GPD Grant Forecast,356629,https://www.grants.gov/search-results-detail/356629,,,10/03/2024,,Homeless Providers Grant and Per Diem Program,,Grants.gov,veteran,2026-03-04T22:33:15.750Z
ARMY APPLICATIONS LAB BROAD AGENCY ANNOUNCEMENT FOR DISRUPTIVE APPLICATIONS,355150,https://www.grants.gov/search-results-detail/355150,,04/04/2029,06/26/2024,,Dept of the Army -- Materiel Command,,Grants.gov,veteran,2026-03-04T22:33:15.750Z
Boosting Innovative GEOINT - Science & Technology  Broad Agency Announcement (BIG-ST BAA),351404,https://www.grants.gov/search-results-detail/351404,,12/14/2026,12/15/2023,,National Geospatial-Intelligence Agency ,,Grants.gov,veteran,2026-03-04T22:33:15.750Z
CHIPS Incentives Program – Facilities for Semiconductor Materials and Manufacturing Equipment,350338,https://www.grants.gov/search-results-detail/350338,,11/01/2026,09/29/2023,,National Institute of Standards and Technology,,Grants.gov,veteran,2026-03-04T22:33:15.750Z
BROAD AGENCY ANNOUNCEMENT (BAA) for Extramural Biomedical and Human Performance Research and Development Department of Defense,349586,https://www.grants.gov/search-results-detail/349586,,07/31/2028,07/27/2023,,Dept. of the Army -- USAMRAA,,Grants.gov,veteran,2026-03-04T22:33:15.750Z
"Pioneering Aerospace Capabilities, Engineering and Research (PACER)",349554,https://www.grants.gov/search-results-detail/349554,,05/10/2043,07/26/2023,,Air Force -- Research Lab,,Grants.gov,veteran,2026-03-04T22:33:15.750Z
NDEP STEM Open NFO,345938,https://www.grants.gov/search-results-detail/345938,,02/08/2028,02/09/2023,,Washington Headquarters Services,,Grants.gov,veteran,2026-03-04T22:33:15.750Z
Announcement of Stand Down Grants,345327,https://www.grants.gov/search-results-detail/345327,,09/30/2026,01/10/2023,,Veterans Employment and Training Service,,Grants.gov,veteran,2026-03-04T22:33:15.750Z
DOD Defense Health Agency (DHA) Research & Development FY23-FY27 BROAD AGENCY ANNOUNCEMENT for Extramural Medical Research,343725,https://www.grants.gov/search-results-detail/343725,,09/30/2027,09/22/2022,,Dept. of the Army -- USAMRAA,,Grants.gov,veteran,2026-03-04T22:33:15.750Z
Partnership Intermediary Agreement (PIA),336962,https://www.grants.gov/search-results-detail/336962,,,12/14/2021,,Munitions Directorate,,Grants.gov,veteran,2026-03-04T22:33:15.750Z
"National Defense Education Program (NDEP) Science, Technology, Engineering, and Mathematics (STEM) Consortia Request for Information (RFI) for the Office of the Under Secretary of Defense (Research & Engineering)",334905,https://www.grants.gov/search-results-detail/334905,,,07/27/2021,,Department of Defense,,Grants.gov,veteran,2026-03-04T22:33:15.750Z
Collaboration for Innovative Research on Aircraft Structure (CIRAS),333471,https://www.grants.gov/search-results-detail/333471,,05/11/2026,05/11/2021,,Air Force -- Research Lab,,Grants.gov,veteran,2026-03-04T22:33:15.750Z
Media Training & Development (MT&D)  Small Grants Program,333291,https://www.grants.gov/search-results-detail/333291,,,05/04/2021,,U.S. Mission to Venezuela,,Grants.gov,veteran,2026-03-04T22:33:15.750Z
Research Interests of the United States Air Force Academy (formerly USAFA-BAA-2021),330175,https://www.grants.gov/search-results-detail/330175,,,12/02/2020,,Air Force Academy,,Grants.gov,veteran,2026-03-04T22:33:15.750Z
STARBASE Wright Patt,329806,https://www.grants.gov/search-results-detail/329806,,,11/13/2020,,Air Force -- Research Lab,,Grants.gov,veteran,2026-03-04T22:33:15.750Z
Renewable Energy Systems and Energy Efficiency Improvements Program,279638,https://www.grants.gov/search-results-detail/279638,,,10/13/2015,,Rural Business-Cooperative Service ,,Grants.gov,veteran,2026-03-04T22:33:15.750Z
State Veterans Home Construction Grant Program,58617,https://www.grants.gov/search-results-detail/58617,,,11/01/2010,,Construction of State Home Facilities,,Grants.gov,veteran,2026-03-04T22:33:15.750Z
Protean,361285,https://www.grants.gov/search-results-detail/361285,,05/07/2026,02/11/2026,,DARPA - Biological Technologies Office,,Grants.gov,military,2026-03-04T22:33:17.982Z
"Bat Diet Characterization Focusing on Tricolored Bats and Little Brown Bats for Arnold Air Base, Tennessee",361237,https://www.grants.gov/search-results-detail/361237,,03/05/2026,02/05/2026,,Fort Worth District,,Grants.gov,military,2026-03-04T22:33:17.982Z
Carderock BAA,361153,https://www.grants.gov/search-results-detail/361153,,03/13/2026,01/15/2026,,NSWC - Carderock - N00167,,Grants.gov,military,2026-03-04T22:33:17.982Z
Research Initiatives at the Naval Postgraduate School,361099,https://www.grants.gov/search-results-detail/361099,,01/13/2030,01/13/2026,,Naval Supply Systems Command,,Grants.gov,military,2026-03-04T22:33:17.982Z
National Leadership Grants for Museums (2026),361147,https://www.grants.gov/search-results-detail/361147,,03/13/2026,01/13/2026,,Institute of Museum and Library Services,,Grants.gov,military,2026-03-04T22:33:17.982Z
Native American/Native Hawaiian Museum Services (2026),361148,https://www.grants.gov/search-results-detail/361148,,03/13/2026,01/13/2026,,Institute of Museum and Library Services,,Grants.gov,military,2026-03-04T22:33:17.982Z
2026 CTR Non-Proliferation Programing,361106,https://www.grants.gov/search-results-detail/361106,,03/06/2026,01/08/2026,,Bureau of International Security-Nonproliferation,,Grants.gov,military,2026-03-04T22:33:17.982Z
ERDC Broad Agency Announcement,361080,https://www.grants.gov/search-results-detail/361080,,01/01/2027,01/02/2026,,Engineer Research and Development Center,,Grants.gov,military,2026-03-04T22:33:17.982Z
Mechanisms for Amplification of fusion Reaction Rates in Solids (MARRS),361079,https://www.grants.gov/search-results-detail/361079,,03/12/2026,12/30/2025,,DARPA - Defense Sciences Office,,Grants.gov,military,2026-03-04T22:33:17.982Z
REQUEST FOR INFORMATION – MUTUALLY BENEFICIAL MULTIDISCIPLINARY INNOVATION ECOSYSTEMS,361029,https://www.grants.gov/search-results-detail/361029,,03/17/2026,12/17/2025,,Dept of the Army -- Materiel Command,,Grants.gov,military,2026-03-04T22:33:17.982Z
Fiscal Year 2026 Distinguished Early Career Program,361022,https://www.grants.gov/search-results-detail/361022,,03/10/2026,12/15/2025,,Idaho Field Office,,Grants.gov,military,2026-03-04T22:33:17.982Z
Maximizing Investigators' Research Award (MIRA) (R35 - Clinical Trial Optional),359862,https://www.grants.gov/search-results-detail/359862,,05/26/2028,12/11/2025,,National Institutes of Health,,Grants.gov,military,2026-03-04T22:33:17.982Z
Deployed Warfighter Protection (DWFP) Program for the Protection of Deployed Military Personnel from Threats Posed by Arthropod Disease Vectors,360884,https://www.grants.gov/search-results-detail/360884,,03/25/2026,11/19/2025,,ACC-APG-Detrick,,Grants.gov,military,2026-03-04T22:33:17.982Z
FY 2026 Continuation of Solicitation for the Office of Science Financial Assistance Program,360678,https://www.grants.gov/search-results-detail/360678,,09/30/2026,09/30/2025,,Office of Science,,Grants.gov,military,2026-03-04T22:33:17.982Z
Continuing Human Enabling Enhancing Restoring and Sustaining,360258,https://www.grants.gov/search-results-detail/360258,,08/22/2044,08/07/2025,,Air Force -- Research Lab,,Grants.gov,military,2026-03-04T22:33:17.982Z
Annual Program Statement for U.S. Presentation at International Art Biennales,360164,https://www.grants.gov/search-results-detail/360164,,01/01/2099,07/29/2025,,Bureau Of Educational and Cultural Affairs,,Grants.gov,military,2026-03-04T22:33:17.982Z
Small Surface Water and Groundwater Storage Projects (Small Storage Program),360059,https://www.grants.gov/search-results-detail/360059,,04/17/2026,07/17/2025,,Bureau of Reclamation,,Grants.gov,military,2026-03-04T22:33:17.982Z
"FY25 ONR Office Of Naval Research (ONR) Science, Technology, Engineering, and Mathematics(STEM) Education and Workforce Program",359932,https://www.grants.gov/search-results-detail/359932,,06/30/2026,07/07/2025,,Office of Naval Research,,Grants.gov,military,2026-03-04T22:33:17.982Z
TTO Office Wide (OW) BAA 2025,359782,https://www.grants.gov/search-results-detail/359782,,12/22/2026,06/23/2025,,DARPA - Tactical Technology Office,,Grants.gov,military,2026-03-04T22:33:17.982Z
Staff Research Program,359236,https://www.grants.gov/search-results-detail/359236,,06/02/2030,06/03/2025,,Dept of the Army -- Materiel Command,,Grants.gov,military,2026-03-04T22:33:17.982Z
Research Interests of the Air Force Office of Scientific Research,359050,https://www.grants.gov/search-results-detail/359050,,,05/20/2025,,Air Force Office of Scientific Research,,Grants.gov,military,2026-03-04T22:33:17.982Z
Alumni Engagement Innovation Fund Program FY 2025,358681,https://www.grants.gov/search-results-detail/358681,,,04/16/2025,,U.S. Mission to North Macedonia,,Grants.gov,military,2026-03-04T22:33:17.982Z
STARBASE Cherry Point,358672,https://www.grants.gov/search-results-detail/358672,,,04/16/2025,,NAVAIR,,Grants.gov,military,2026-03-04T22:33:17.982Z
Air Dominance Broad Agency Announcement (BAA),358674,https://www.grants.gov/search-results-detail/358674,,10/31/2029,04/14/2025,,Munitions Directorate,,Grants.gov,military,2026-03-04T22:33:17.982Z
Notice of Intent:  Program to End Modern Slavery FY 2025,358289,https://www.grants.gov/search-results-detail/358289,,01/01/2099,01/16/2025,,Office to Monitor-Combat Trafficking in Persons,,Grants.gov,military,2026-03-04T22:33:17.982Z
Military and Civilian Partnership for Trauma Readiness Grant Program/Mission Zero,355967,https://www.grants.gov/search-results-detail/355967,,,01/15/2025,,Admin for Strategic Preparedness and Response,,Grants.gov,military,2026-03-04T22:33:17.982Z
Support for a National Electronic Interstate Records Exchange System,360995,https://www.grants.gov/search-results-detail/360995,,03/16/2026,01/13/2026,,Administration for Children and Families - ACYF/CB,,Grants.gov,Youth,2026-03-04T22:33:19.175Z
OVC FY25 Improving Outcomes for Child and Youth Victims of Human Trafficking,361076,https://www.grants.gov/search-results-detail/361076,,03/11/2026,12/30/2025,,Office for Victims of Crime,,Grants.gov,Youth,2026-03-04T22:33:19.175Z
"Ryan White HIV/AIDS Program Part D Coordinated HIV Services and Access to Research for Women, Infants, Children, and Youth (WICY) Existing Geographic Service Areas",361044,https://www.grants.gov/search-results-detail/361044,,,12/19/2025,,Health Resources and Services Administration,,Grants.gov,Youth,2026-03-04T22:33:19.175Z
"Ryan White HIV/AIDS Program Part D - Women, Infants, Children and Youth Grant Supplemental Funding",361045,https://www.grants.gov/search-results-detail/361045,,,12/19/2025,,Health Resources and Services Administration,,Grants.gov,Youth,2026-03-04T22:33:19.175Z
Leadership Education in Neurodevelopmental and Other Related Disabilities (LEND),360996,https://www.grants.gov/search-results-detail/360996,,,12/11/2025,,Health Resources and Services Administration,,Grants.gov,Youth,2026-03-04T22:33:19.175Z
Garrett Lee Smith State/Tribal Youth Suicide Prevention and Early Intervention Program,360973,https://www.grants.gov/search-results-detail/360973,,,12/10/2025,,Substance Abuse and Mental Health Services Adminis,,Grants.gov,Youth,2026-03-04T22:33:19.175Z
Children's Mental Health Initiative,360976,https://www.grants.gov/search-results-detail/360976,,,12/10/2025,,Substance Abuse and Mental Health Services Adminis,,Grants.gov,Youth,2026-03-04T22:33:19.175Z
Pediatric Mental Health Care Access Program (PMHCA),360963,https://www.grants.gov/search-results-detail/360963,,,12/10/2025,,Health Resources and Services Administration,,Grants.gov,Youth,2026-03-04T22:33:19.175Z
Community Programs for Youth and Young Adults at Clinical High Risk for Psychosis,360975,https://www.grants.gov/search-results-detail/360975,,,12/10/2025,,Substance Abuse and Mental Health Services Adminis,,Grants.gov,Youth,2026-03-04T22:33:19.175Z
Project AWARE (Advancing Wellness and Resiliency in Education),360969,https://www.grants.gov/search-results-detail/360969,,,12/10/2025,,Substance Abuse and Mental Health Services Adminis,,Grants.gov,Youth,2026-03-04T22:33:19.175Z
Choice Neighborhoods Implementation Grants for Fiscal Year 2025,360950,https://www.grants.gov/search-results-detail/360950,,03/09/2026,12/09/2025,,Department of Housing and Urban Development,,Grants.gov,Youth,2026-03-04T22:33:19.175Z
Diabetes Research Centers (P30 Clinical Trial Optional),359145,https://www.grants.gov/search-results-detail/359145,,01/27/2027,12/05/2025,,National Institutes of Health,,Grants.gov,Youth,2026-03-04T22:33:19.175Z
Promoting World Trade Center Health Program Youth Research Cohort Recruitment and Retention Using Principles of Community Engaged Research (CEnR) to Build Community Participation (U01),360752,https://www.grants.gov/search-results-detail/360752,,,10/15/2025,,Centers for Disease Control and Prevention - ERA,,Grants.gov,Youth,2026-03-04T22:33:19.175Z
Optimal Treatment Strategies for use of Anti-Obesity Medications (AOMs) in Children and Adolescents Research Coordinating Center,360441,https://www.grants.gov/search-results-detail/360441,,,09/02/2025,,National Institutes of Health,,Grants.gov,Youth,2026-03-04T22:33:19.175Z
Optimal Treatment Strategies for use of Anti-Obesity Medications (AOMs) in Children and Adolescents Clinical Centers,360387,https://www.grants.gov/search-results-detail/360387,,,08/28/2025,,National Institutes of Health,,Grants.gov,Youth,2026-03-04T22:33:19.175Z
Single Source for Chronic Kidney Diseases of UnceRtain Etiology (CKDu) in Agricultural Communities (CURE) Research Consortium - Data Coordinating Center (DCC),361242,https://www.grants.gov/search-results-detail/361242,,,02/05/2026,,National Institutes of Health,,Grants.gov,Young,2026-03-04T22:33:21.526Z
Lead Hazard Reduction Capacity Building Grant Program,361107,https://www.grants.gov/search-results-detail/361107,,03/10/2026,01/08/2026,,Department of Housing and Urban Development,,Grants.gov,Young,2026-03-04T22:33:21.526Z
Long-term health outcomes of People Living with Spina Bifida based on the National Spina Bifida Patient Registry,361002,https://www.grants.gov/search-results-detail/361002,,,12/12/2025,,Centers for Disease Control - NCBDDD,,Grants.gov,Young,2026-03-04T22:33:21.526Z
Opportunities for Collaborative Research at the NIH Clinical Center (U01 Clinical Trial Optional),359659,https://www.grants.gov/search-results-detail/359659,,03/06/2027,12/08/2025,,National Institutes of Health,,Grants.gov,Young,2026-03-04T22:33:21.526Z
Limited Competition: Chronic Kidney Diseases of UnceRtain Etiology (CKDu) in Agricultural Communities (CURE) Research Consortium- Field Epidemiology Sites,360680,https://www.grants.gov/search-results-detail/360680,,,09/30/2025,,National Institutes of Health,,Grants.gov,Young,2026-03-04T22:33:21.526Z
Establishing Pediatric CNS Pharmacodynamic Measures as Tools to Enable Psychiatric Indications in Adolescents,360576,https://www.grants.gov/search-results-detail/360576,,,09/12/2025,,National Institutes of Health,,Grants.gov,Young,2026-03-04T22:33:21.526Z
Understanding and Promoting Resources and Opportunities for People with Autism and Fragile X and their Families Across the Lifespan,360357,https://www.grants.gov/search-results-detail/360357,,,08/25/2025,,Centers for Disease Control - NCBDDD,,Grants.gov,Young,2026-03-04T22:33:21.526Z
Research Grants for Preventing Interpersonal Violence and Suicide Among Youth and Young Adults (R01),360263,https://www.grants.gov/search-results-detail/360263,,,08/07/2025,,Centers for Disease Control and Prevention - ERA,,Grants.gov,Young,2026-03-04T22:33:21.526Z
"Notice of Intent to Publish a Funding Opportunity Announcement for HIV Pediatric, Adolescent and Maternal Clinical Trials",358992,https://www.grants.gov/search-results-detail/358992,,,06/25/2025,,National Institutes of Health,,Grants.gov,Young,2026-03-04T22:33:21.526Z
"Limited Competition for the Adolescent Brain Cognitive Development -Extended (ABCD-E) Study Renewal - Data Analysis, Informatics and Resource Center, and Coordinating Center (U24 Clinical Trial Not Allowed)",359275,https://www.grants.gov/search-results-detail/359275,,,06/06/2025,,National Institutes of Health,,Grants.gov,Young,2026-03-04T22:33:21.526Z
Annual Program Statement (APS) for Fiscal Year 2025,359120,https://www.grants.gov/search-results-detail/359120,,,06/02/2025,,U.S. Mission to Tunisia,,Grants.gov,Young,2026-03-04T22:33:21.526Z
Optimizing Behavioral Sleep Interventions for Adolescents and Young Adults,359159,https://www.grants.gov/search-results-detail/359159,,,05/28/2025,,National Institutes of Health,,Grants.gov,Young,2026-03-04T22:33:21.526Z
Limited Competition for the Adolescent Brain Cognitive Development -Extended (ABCD-E) Study-Research Project Sites (U01 Clinical Trial Not Allowed),358885,https://www.grants.gov/search-results-detail/358885,,,05/28/2025,,National Institutes of Health,,Grants.gov,Young,2026-03-04T22:33:21.526Z
Limited Competition for the Continuation of the National Consortium on Alcohol and Neurodevelopment in Adolescence (NCANDA) Data Analysis Resource (U24 Clinical Trials Optional),358942,https://www.grants.gov/search-results-detail/358942,,,05/22/2025,,National Institutes of Health,,Grants.gov,Young,2026-03-04T22:33:21.526Z
Limited Competition for the Continuation of the National Consortium on Alcohol and Neurodevelopment in Adolescence (NCANDA) Administrative Resource (U24 Clinical Trials Optional),358941,https://www.grants.gov/search-results-detail/358941,,,05/22/2025,,National Institutes of Health,,Grants.gov,Young,2026-03-04T22:33:21.526Z
Forecast to Publish a Funding Opportunity Announcement for Limited Competition for the Continuation of the National Consortium on Alcohol and Neurodevelopment in Adolescence (NCANDA) Research Project Sites (U01 Clinical Trials Optional),358940,https://www.grants.gov/search-results-detail/358940,,,05/13/2025,,National Institutes of Health,,Grants.gov,Young,2026-03-04T22:33:21.526Z
Notice of Intent to Publish a Funding Opportunity Announcement for Single Source for Continuation of the Environmental Determinants of Diabetes in The Young Study (TEDDY) Data Coordinating Center (U01 Clinical Trial Not Allowed),358868,https://www.grants.gov/search-results-detail/358868,,,05/12/2025,,National Institutes of Health,,Grants.gov,Young,2026-03-04T22:33:21.526Z
U.S. Embassy Cotonou PDS Request for Statements of Interest,358808,https://www.grants.gov/search-results-detail/358808,,,05/02/2025,,U.S. Mission to Benin,,Grants.gov,Young,2026-03-04T22:33:21.526Z
U.S. Embassy Buenos Aires PAS Strategic Programs,358695,https://www.grants.gov/search-results-detail/358695,,,04/17/2025,,U.S. Mission to Argentina,,Grants.gov,Young,2026-03-04T22:33:21.526Z
Meet the Corner Program FY2024,355791,https://www.grants.gov/search-results-detail/355791,,,08/01/2024,,U.S. Mission to Albania,,Grants.gov,Young,2026-03-04T22:33:21.526Z
English-Language Program for Disadvantaged Communities Initiatives Program,353012,https://www.grants.gov/search-results-detail/353012,,,03/18/2024,,U.S. Mission to Azerbaijan,,Grants.gov,Young,2026-03-04T22:33:21.526Z
U.S. Embassy Djibouti PDS Annual Program Statement,352290,https://www.grants.gov/search-results-detail/352290,,,02/11/2024,,U.S. Mission to Djibouti,,Grants.gov,Young,2026-03-04T22:33:21.526Z
Cognitive Neuroscience,350561,https://www.grants.gov/search-results-detail/350561,,08/17/2026,10/12/2023,,U.S. National Science Foundation,,Grants.gov,Young,2026-03-04T22:33:21.526Z
National Center for Construction Safety and Health Research and Translation (U54),345738,https://www.grants.gov/search-results-detail/345738,,12/01/2026,09/13/2023,,Centers for Disease Control and Prevention - ERA,,Grants.gov,Young,2026-03-04T22:33:21.526Z
Defense Security Cooperation University - Research Grants,349804,https://www.grants.gov/search-results-detail/349804,,08/07/2028,08/08/2023,,Washington Headquarters Services,,Grants.gov,Young,2026-03-04T22:33:21.526Z
Advancing Youth Activism and Engagement FY2023,348303,https://www.grants.gov/search-results-detail/348303,,,05/23/2023,,U.S. Mission to Albania,,Grants.gov,Young,2026-03-04T22:33:21.526Z
"UNITED STATES ARMY RESEARCH INSTITUTE FOR THE BEHAVIORAL AND SOCIAL SCIENCES (ARI) BROAD AGENCY ANNOUNCEMENT FOR BASIC, APPLIED, AND ADVANCED SCIENTIFIC RESEARCH",347858,https://www.grants.gov/search-results-detail/347858,,04/30/2028,05/01/2023,,Dept of the Army -- Materiel Command,,Grants.gov,Young,2026-03-04T22:33:21.526Z
DEVCOM ARMY RESEARCH LABORATORY BROAD AGENCY ANNOUNCEMENT FOR FOUNDATIONAL RESEARCH,344592,https://www.grants.gov/search-results-detail/344592,,11/20/2027,11/21/2022,,Dept of the Army -- Materiel Command,,Grants.gov,Young,2026-03-04T22:33:21.526Z
Department of Defense HIV/AIDS Prevention Program,343653,https://www.grants.gov/search-results-detail/343653,,09/18/2027,09/19/2022,,Dept. of the Army -- USAMRAA,,Grants.gov,Young,2026-03-04T22:33:21.526Z
Call for Proposals – Workshops to Stop the Spread of mis/disinformation,343013,https://www.grants.gov/search-results-detail/343013,,,08/09/2022,,U.S. Mission to Cambodia,,Grants.gov,Young,2026-03-04T22:33:21.526Z
Mission Spain Public Diplomacy 2022 Annual Program Statement,336244,https://www.grants.gov/search-results-detail/336244,,,11/02/2021,,U.S. Mission to Spain,,Grants.gov,Young,2026-03-04T22:33:21.526Z
Indian Highway Safety Law Enforcment Grant,361095,https://www.grants.gov/search-results-detail/361095,,05/01/2026,01/06/2026,,Bureau of Indian Affairs,,Grants.gov,Children,2026-03-04T22:33:24.289Z
Indian Highway Safety Occupant Protection Grant,361096,https://www.grants.gov/search-results-detail/361096,,05/01/2026,01/06/2026,,Bureau of Indian Affairs,,Grants.gov,Children,2026-03-04T22:33:24.289Z
Fiscal Year (FY) 2026 National Technical Assistance Programs (NTAP) Cooperative Agreements,361053,https://www.grants.gov/search-results-detail/361053,,03/31/2026,12/23/2025,,Health Resources and Services Administration,,Grants.gov,Children,2026-03-04T22:33:24.289Z
Early Childhood Comprehensive Systems SEED Project: Scaling Effective Early Childhood Systems Development (ECCS SEED),361001,https://www.grants.gov/search-results-detail/361001,,,12/12/2025,,Health Resources and Services Administration,,Grants.gov,Children,2026-03-04T22:33:24.289Z
Fiscal Year (FY) 2026 Quality Improvement Fund - Improving Access to Dental Services for Children with Neurodevelopmental Disorders (QIF-DNDD),360990,https://www.grants.gov/search-results-detail/360990,,,12/11/2025,,Health Resources and Services Administration,,Grants.gov,Children,2026-03-04T22:33:24.289Z
&#8203;Sickle Cell Disease Regional Care Excellence (SoRCE) Program,360997,https://www.grants.gov/search-results-detail/360997,,,12/11/2025,,Health Resources and Services Administration,,Grants.gov,Children,2026-03-04T22:33:24.289Z
National Child Traumatic Stress Initiative - Community Treatment and Service Centers,360968,https://www.grants.gov/search-results-detail/360968,,,12/10/2025,,Substance Abuse and Mental Health Services Adminis,,Grants.gov,Children,2026-03-04T22:33:24.289Z
Animal and Biological Material Resource Centers (P40 Clinical Trial Not Allowed),359646,https://www.grants.gov/search-results-detail/359646,,01/09/2029,12/05/2025,,National Institutes of Health,,Grants.gov,Children,2026-03-04T22:33:24.289Z
Cancer Center Support Grants (CCSGs) for NCI-designated Cancer Centers (P30 Clinical Trial Optional),360918,https://www.grants.gov/search-results-detail/360918,,09/25/2028,11/26/2025,,National Institutes of Health,,Grants.gov,Children,2026-03-04T22:33:24.289Z
Innovation in Behavioral Health (IBH),358987,https://www.grants.gov/search-results-detail/358987,,06/03/2026,10/16/2025,,Center for Medicare and Medicaid Services,,Grants.gov,Children,2026-03-04T22:33:24.289Z
Supporting lifesaving HIV/AIDS service delivery programs in Haiti under the President's Emergency Plan for AIDS Relief (PEPFAR),360708,https://www.grants.gov/search-results-detail/360708,,,10/01/2025,,Centers for Disease Control-GHC,,Grants.gov,Children,2026-03-04T22:33:24.289Z
Providing targeted technical assistance (TA) to strengthen Botswana's implementation of sustainable and comprehensive HIV clinical and prevention services for adults and children under the President's Emergency Plan for AIDS Relief (PEPFAR),360702,https://www.grants.gov/search-results-detail/360702,,,10/01/2025,,Centers for Disease Control-GHC,,Grants.gov,Children,2026-03-04T22:33:24.289Z
"Department of the Interior (DOI), Office of Wildland Fire (OWF) - Slip-On Tanker Units",361193,https://www.grants.gov/search-results-detail/361193,,03/23/2026,01/22/2026,,Interior Business Center,,Grants.gov,Minors,2026-03-04T22:33:25.467Z
Fiscal Year 2026 Consolidated Innovative Nuclear Research,361020,https://www.grants.gov/search-results-detail/361020,,06/09/2026,12/15/2025,,Idaho Field Office,,Grants.gov,Minors,2026-03-04T22:33:25.467Z
ROSES25: F.6 Science Activation Program,360983,https://www.grants.gov/search-results-detail/360983,,03/31/2026,12/11/2025,,NASA Headquarters,,Grants.gov,Minors,2026-03-04T22:33:25.467Z
"Informatics, Coordination and Service Center for the Mutant Mouse Resource and Research Centers (U42 Clinical Trial Not Allowed)",359647,https://www.grants.gov/search-results-detail/359647,,05/01/2026,12/05/2025,,National Institutes of Health,,Grants.gov,Minors,2026-03-04T22:33:25.467Z
Naval Engineering Education Consortium (NEEC) Broad Agency Announcement for Fiscal Year 2026,360183,https://www.grants.gov/search-results-detail/360183,,,07/30/2025,,NSWC Dahlgren,,Grants.gov,Minors,2026-03-04T22:33:25.467Z
EDA FY25 Disaster Supplemental,359225,https://www.grants.gov/search-results-detail/359225,,,06/04/2025,,Economic Development Administration,,Grants.gov,Minors,2026-03-04T22:33:25.467Z
U.S. Embassy The Hague PD Annual Program Statement,357133,https://www.grants.gov/search-results-detail/357133,,,11/18/2024,,U.S. Mission to the Netherlands,,Grants.gov,Minors,2026-03-04T22:33:25.467Z
FY25 Long Range Broad Agency Announcement (BAA) for Navy and Marine Corps Science and Technology,356605,https://www.grants.gov/search-results-detail/356605,,09/30/2026,10/01/2024,,Office of Naval Research,,Grants.gov,Minors,2026-03-04T22:33:25.467Z
Animal and Veterinary Innovation Centers (U18),355044,https://www.grants.gov/search-results-detail/355044,,05/12/2028,06/20/2024,,Food and Drug Administration,,Grants.gov,Minors,2026-03-04T22:33:25.467Z
Minor Use Minor Species Development of Drugs (R01),354573,https://www.grants.gov/search-results-detail/354573,,01/29/2027,05/29/2024,,Food and Drug Administration,,Grants.gov,Minors,2026-03-04T22:33:25.467Z
MINORITY SERVING INSTITUTIONS PARTNERSHIP PROGRAM (MSIPP) CONSORTIA GRANT PROGRAM (CGP),351714,https://www.grants.gov/search-results-detail/351714,,06/15/2026,01/05/2024,,NNSA,,Grants.gov,Minors,2026-03-04T22:33:25.467Z
Minor Use Minor Species Development of Drugs (R01),351252,https://www.grants.gov/search-results-detail/351252,,,11/30/2023,,Food and Drug Administration,,Grants.gov,Minors,2026-03-04T22:33:25.467Z
Cooperative Agreement for Long Term Data Collection on Antimicrobial Use in Animals (U01) Clinical Trial Not Allowed,351204,https://www.grants.gov/search-results-detail/351204,,,11/29/2023,,Food and Drug Administration,,Grants.gov,Minors,2026-03-04T22:33:25.467Z
FY 2023 Disaster Supplemental,347414,https://www.grants.gov/search-results-detail/347414,,,04/24/2023,,Economic Development Administration,,Grants.gov,Minors,2026-03-04T22:33:25.468Z
Facilities for Atmospheric Research and Education,338558,https://www.grants.gov/search-results-detail/338558,,,03/08/2022,,U.S. National Science Foundation,,Grants.gov,Minors,2026-03-04T22:33:25.468Z
Counter Wildlife Trafficking NOFO,335224,https://www.grants.gov/search-results-detail/335224,,,08/09/2021,,U.S. Mission to Cambodia,,Grants.gov,Minors,2026-03-04T22:33:25.468Z
Solomon Islands Threshold Program Industry Day,331415,https://www.grants.gov/search-results-detail/331415,,,02/10/2021,,Millennium Challenge Corporation,,Grants.gov,Minors,2026-03-04T22:33:25.468Z
University Nuclear Leadership Program– Scholarship and Fellowship Support,329436,https://www.grants.gov/search-results-detail/329436,,10/14/2030,10/15/2020,,Idaho Field Office,,Grants.gov,Minors,2026-03-04T22:33:25.468Z
Defense Production Act Title III Expansion of Domestic Production Capability and Capacity,318351,https://www.grants.gov/search-results-detail/318351,,07/12/2026,07/12/2019,,Air Force -- Research Lab,,Grants.gov,Minors,2026-03-04T22:33:25.468Z
"Precision Approaches in Radiation Synthetic Combinations (PAIRS, RP1 Clinical Trial Optional)",361399,https://www.grants.gov/search-results-detail/361399,,,03/03/2026,,National Institutes of Health,,Grants.gov,Early childhood,2026-03-04T22:33:27.812Z
"University Centers for Developmental Disabilities in Education, Research, and Service",361349,https://www.grants.gov/search-results-detail/361349,,,02/23/2026,,Administration for Community Living,,Grants.gov,Early childhood,2026-03-04T22:33:27.812Z
Genomic and Biologic Therapies for ADRD (U01 Clinical Trial Optional),361287,https://www.grants.gov/search-results-detail/361287,,,02/12/2026,,National Institutes of Health,,Grants.gov,Early childhood,2026-03-04T22:33:27.812Z
Pancreatic Cancer Detection Consortium: Management and Data Coordination Unit (U24 Clinical Trial Not Allowed),361276,https://www.grants.gov/search-results-detail/361276,,,02/11/2026,,National Institutes of Health,,Grants.gov,Early childhood,2026-03-04T22:33:27.812Z
Pancreatic Cancer Detection Consortium: Research Units (U01 Clinical Trial Optional),361275,https://www.grants.gov/search-results-detail/361275,,,02/11/2026,,National Institutes of Health,,Grants.gov,Early childhood,2026-03-04T22:33:27.812Z
"ORACLE 3C: Chronic Conditions, Coinfections, and Comorbidities in HIV",361255,https://www.grants.gov/search-results-detail/361255,,,02/06/2026,,National Institutes of Health,,Grants.gov,Early childhood,2026-03-04T22:33:27.812Z
Wildfire Smoke Preparedness in Community Buildings,361217,https://www.grants.gov/search-results-detail/361217,,04/15/2026,01/30/2026,,Environmental Protection Agency,,Grants.gov,Early childhood,2026-03-04T22:33:27.812Z
Discovery of the Genetic Basis of Childhood Cancers and of Congenital Anomalies: Gabriella Miller Kids First Pediatric Research Program (X01 Clinical Trial Not Allowed),361164,https://www.grants.gov/search-results-detail/361164,,,01/20/2026,,National Institutes of Health,,Grants.gov,Childhood,2026-03-04T22:33:28.916Z
Limited Competition: Biospecimen Banks to support NCI National Clinical Trials Network Biospecimen Banks (NCTN Biobanks) and the NCI Early-Phase and Experimental Clinical Trials Biospecimen Bank (EET Biobank) (U24 Clinical Trial Not Allowed),361134,https://www.grants.gov/search-results-detail/361134,,,01/13/2026,,National Institutes of Health,,Grants.gov,Childhood,2026-03-04T22:33:28.916Z
Silvio O. Conte Centers for Basic Neuroscience or Translational Mental Health Research,360574,https://www.grants.gov/search-results-detail/360574,,,09/12/2025,,National Institutes of Health,,Grants.gov,Childhood,2026-03-04T22:33:28.916Z
Grants to Support New Investigators in Conducting Research Related to Preventing Interpersonal Violence and Suicide Among Children and Youth (K01),360270,https://www.grants.gov/search-results-detail/360270,,,08/08/2025,,Centers for Disease Control and Prevention - ERA,,Grants.gov,Childhood,2026-03-04T22:33:28.916Z
Advancing Nutrition-related Research Across the Lifespan,358896,https://www.grants.gov/search-results-detail/358896,,,05/28/2025,,National Institutes of Health,,Grants.gov,Childhood,2026-03-04T22:33:28.916Z
Continued Development of the Gabriella Miller Kids First Pediatric Data Resource Center (U2C Clinical Trials Not Allowed),358959,https://www.grants.gov/search-results-detail/358959,,,05/14/2025,,National Institutes of Health,,Grants.gov,Childhood,2026-03-04T22:33:28.916Z
Gabriella Miller Kids First Training and Outreach Core (U24 Clinical Trials Not Allowed),358960,https://www.grants.gov/search-results-detail/358960,,,05/14/2025,,National Institutes of Health,,Grants.gov,Childhood,2026-03-04T22:33:28.916Z
Genome Sequencing Center for the Gabriella Miller Kids First Pediatric Research Program (U24 Clinical Trial Not Allowed),358954,https://www.grants.gov/search-results-detail/358954,,,05/14/2025,,National Institutes of Health,,Grants.gov,Childhood,2026-03-04T22:33:28.916Z
Limited Competition for the HEAL Initiative: HEALthy Brain and Child Development (HBCD) Study – Coordinating Administrative Core and Data Coordinating Center (U24 Clinical Trial Not Allowed),358853,https://www.grants.gov/search-results-detail/358853,,,05/09/2025,,National Institutes of Health,,Grants.gov,Childhood,2026-03-04T22:33:28.916Z
Limited Competition for the HEAL Initiative: HEALthy Brain and Child Development (HBCD) Study (Collaborative U01- Clinical Trial Not Allowed),358822,https://www.grants.gov/search-results-detail/358822,,,05/05/2025,,National Institutes of Health,,Grants.gov,Childhood,2026-03-04T22:33:28.916Z
Early Immune System Development and Ontogeny (R01 Clinical Trial Optional),357937,https://www.grants.gov/search-results-detail/357937,,05/07/2026,12/30/2024,,National Institutes of Health,,Grants.gov,Childhood,2026-03-04T22:33:28.916Z
Research and Development (RAD) Directed Energy (RD) University Assistance Instruments,355499,https://www.grants.gov/search-results-detail/355499,,07/18/2029,07/18/2024,,Air Force -- Research Lab,,Grants.gov,Childhood,2026-03-04T22:33:28.916Z
"DoW&rsquo;s Energy, Installations, and Environment Innovation Partners Programs",348830,https://www.grants.gov/search-results-detail/348830,,01/08/2027,06/21/2023,,Washington Headquarters Services,,Grants.gov,Childhood,2026-03-04T22:33:28.916Z
Pacific Regional Partnership Intermediary Agreement,346937,https://www.grants.gov/search-results-detail/346937,,,03/17/2023,,Air Force -- Research Lab,,Grants.gov,Childhood,2026-03-04T22:33:28.916Z
Cooperative Agreement for Affiliated Partner with the Rocky Mountain Cooperative Ecosystem Studies Unit (CESU),361292,https://www.grants.gov/search-results-detail/361292,,03/12/2026,02/12/2026,,Geological Survey,,Grants.gov,Education,2026-03-04T22:33:30.041Z
Administrative Supplements to Existing NIH Grants and Cooperative Agreements (Parent Admin Supp Clinical Trial Optional),360368,https://www.grants.gov/search-results-detail/360368,,11/30/2028,11/26/2025,,National Institutes of Health,,Grants.gov,Childcare,2026-03-04T22:33:32.664Z
FY 2025 EDA Public Works and Economic Adjustment Assistance Programs,346815,https://www.grants.gov/search-results-detail/346815,,,03/14/2023,,Economic Development Administration,,Grants.gov,Childcare,2026-03-04T22:33:32.664Z
National K12 Program for the Career Development of Clinician-Scientists in Diabetes Research (Diabetes-DOCS),361066,https://www.grants.gov/search-results-detail/361066,,,12/29/2025,,National Institutes of Health,,Grants.gov,Pediatric,2026-03-04T22:33:33.863Z
"Institutional Network Award for Promoting Kidney, Urologic, and Hematologic Research Training (U2C - Clinical Trial Not Allowed)",358935,https://www.grants.gov/search-results-detail/358935,,05/26/2028,12/10/2025,,National Institutes of Health,,Grants.gov,Pediatric,2026-03-04T22:33:33.863Z
Pediatric and Reproductive Environmental Health Scholars (PREHS) Program,360926,https://www.grants.gov/search-results-detail/360926,,,12/02/2025,,National Institutes of Health,,Grants.gov,Pediatric,2026-03-04T22:33:33.863Z
Metastasis Research Network (U54 Clinical Trial Not Allowed),360881,https://www.grants.gov/search-results-detail/360881,,,11/19/2025,,National Institutes of Health,,Grants.gov,Pediatric,2026-03-04T22:33:33.863Z
Strengthening comprehensive HIV and TB services and health systems in high-burden areas of Namibia under the President's Emergency Plan for AIDS Relief (PEPFAR),360720,https://www.grants.gov/search-results-detail/360720,,,10/02/2025,,Centers for Disease Control-GHC,,Grants.gov,Pediatric,2026-03-04T22:33:33.863Z
Engagement of faith-based organizations (FBO) to support and sustain life-saving Services for HIV and TB in Ethiopia under the President's Emergency Plan for AIDS Relief (PEPFAR),360707,https://www.grants.gov/search-results-detail/360707,,,10/01/2025,,Centers for Disease Control-GHC,,Grants.gov,Pediatric,2026-03-04T22:33:33.863Z
The NIDDK Disorders of Gastrointestinal Interoception Consortium Clinical Centers (DGIC),360623,https://www.grants.gov/search-results-detail/360623,,,09/18/2025,,National Institutes of Health,,Grants.gov,Pediatric,2026-03-04T22:33:33.863Z
The NIDDK Disorders of Gastrointestinal Interoception Consortium Clinical Centers (DGIC),360625,https://www.grants.gov/search-results-detail/360625,,,09/18/2025,,National Institutes of Health,,Grants.gov,Pediatric,2026-03-04T22:33:33.863Z
Maternal and Pediatric Precision in Therapeutics (MPRINT) Knowledge and Research Coordination Center,360584,https://www.grants.gov/search-results-detail/360584,,,09/15/2025,,National Institutes of Health,,Grants.gov,Pediatric,2026-03-04T22:33:33.863Z
Maternal Medications and Human Milk Research Center (M2HMRC),360585,https://www.grants.gov/search-results-detail/360585,,,09/15/2025,,National Institutes of Health,,Grants.gov,Pediatric,2026-03-04T22:33:33.863Z
"Specialized Programs of Research Excellence (SPOREs) in Human Cancers for Years 2027, 2028, and 2029 (P50 Clinical Trial Required)",360541,https://www.grants.gov/search-results-detail/360541,,,09/09/2025,,National Institutes of Health,,Grants.gov,Pediatric,2026-03-04T22:33:33.863Z
Novel approaches to support therapeutic development in ultra-rare cancers,360223,https://www.grants.gov/search-results-detail/360223,,,08/04/2025,,Food and Drug Administration,,Grants.gov,Pediatric,2026-03-04T22:33:33.863Z
Collaborative Surveys to Provide Inputs into Vaccine-Related Economic Evaluations,360201,https://www.grants.gov/search-results-detail/360201,,,08/01/2025,,Centers for Disease Control and Prevention - ERA,,Grants.gov,Pediatric,2026-03-04T22:33:33.863Z
Using Archived Data and Specimen Collections to Advance Maternal and Pediatric HIV/AIDS Research,359945,https://www.grants.gov/search-results-detail/359945,,,07/08/2025,,National Institutes of Health,,Grants.gov,Pediatric,2026-03-04T22:33:33.863Z
Notice of Intent to Publish a Funding Opportunity Announcement for Impact of Technology and Digital Media Exposure Usage on Child and Adolescent Development,359070,https://www.grants.gov/search-results-detail/359070,,,06/25/2025,,National Institutes of Health,,Grants.gov,Pediatric,2026-03-04T22:33:33.863Z
For Funding Opportunity for Maximizing the Scientific Value of Data Generated by the Environmental influences on Child Health Outcomes (ECHO) Program: Dissertation Grant (R36),359149,https://www.grants.gov/search-results-detail/359149,,,05/27/2025,,National Institutes of Health,,Grants.gov,Pediatric,2026-03-04T22:33:33.863Z
For Funding Opportunity for Maximizing the Scientific Value of Data Generated by the Environmental Influences on Child Health Outcomes (ECHO) Program: Ruth L. Kirschstein NRSA Individual Postdoctoral Fellowship (F32),359150,https://www.grants.gov/search-results-detail/359150,,,05/27/2025,,National Institutes of Health,,Grants.gov,Pediatric,2026-03-04T22:33:33.863Z
Forecast to Renew the Notice of Funding Opportunity Announcement for the Multiple Chronic Disease Research Centers,358870,https://www.grants.gov/search-results-detail/358870,,,05/12/2025,,National Institutes of Health,,Grants.gov,Pediatric,2026-03-04T22:33:33.863Z
Accelerating Solutions to Improve Access and Quality of Empirically-Supported Practices for Youth Mental Health (R01 Clinical Trial Optional),357524,https://www.grants.gov/search-results-detail/357524,,01/07/2027,12/03/2024,,National Institutes of Health,,Grants.gov,Pediatric,2026-03-04T22:33:33.863Z
First in Human and Early Stage Clinical Trials of Novel Investigational Drugs or Neuromodulatory Device-based Interventions for Psychiatric Disorders (U01 Clinical Trial Required),357424,https://www.grants.gov/search-results-detail/357424,,10/15/2027,11/26/2024,,National Institutes of Health,,Grants.gov,Pediatric,2026-03-04T22:33:33.863Z
Translational Research in Maternal and Pediatric Pharmacology and Therapeutics (R01 Clinical Trial Optional),357184,https://www.grants.gov/search-results-detail/357184,,05/07/2026,11/18/2024,,National Institutes of Health,,Grants.gov,Pediatric,2026-03-04T22:33:33.863Z
Translational Research in Maternal and Pediatric Pharmacology and Therapeutics (R21 Clinical Trial Optional),357185,https://www.grants.gov/search-results-detail/357185,,05/07/2026,11/18/2024,,National Institutes of Health,,Grants.gov,Pediatric,2026-03-04T22:33:33.863Z
Screening and Functional Validation of Genomic Variants Associated with Human Congenital Anomalies (R01 Clinical Trial Not Allowed),356909,https://www.grants.gov/search-results-detail/356909,,01/07/2028,10/30/2024,,National Institutes of Health,,Grants.gov,Pediatric,2026-03-04T22:33:33.863Z
"Cooperative Agreement to Support Activities Related to Analgesics, Anesthetics, and Addiction (U01) Clinical Trials Allowed",356049,https://www.grants.gov/search-results-detail/356049,,,08/14/2024,,Food and Drug Administration,,Grants.gov,Pediatric,2026-03-04T22:33:33.863Z
"Specialized Programs of Research Excellence (SPOREs) in Human Cancers for Years 2024, 2025, and 2026 (P50 Clinical Trial Required)",350299,https://www.grants.gov/search-results-detail/350299,,09/25/2026,09/22/2023,,National Institutes of Health,,Grants.gov,Pediatric,2026-03-04T22:33:33.863Z
UNITED STATES MILITARY ACADEMY Broad Agency Announcement,325932,https://www.grants.gov/search-results-detail/325932,,03/31/2027,04/01/2020,,Dept of the Army -- Materiel Command,,Grants.gov,Wounded warriors,2026-03-04T22:33:41.437Z
NRL Long Range Broad Agency Announcement (BAA) for Basic and Applied Research,352741,https://www.grants.gov/search-results-detail/352741,,03/31/2026,03/01/2024,,Naval Research Laboratory,,Grants.gov,Disabled veterans,2026-03-04T22:33:42.567Z
Long Range Broad Agency Announcement (BAA) for NSWC Crane,352238,https://www.grants.gov/search-results-detail/352238,,,02/08/2024,,NSWC CRANE - N00164,,Grants.gov,Disabled veterans,2026-03-04T22:33:42.567Z
Tactical Behaviors for Autonomous Maneuver,339728,https://www.grants.gov/search-results-detail/339728,,,04/22/2022,,Dept of the Army -- Materiel Command,,Grants.gov,Disabled veterans,2026-03-04T22:33:42.567Z
Promoting Human Rights For Vulnerable Children in Haut-Katanga,334551,https://www.grants.gov/search-results-detail/334551,,,07/02/2021,,U.S. Mission to the Democratic Republic of Congo,,Grants.gov,Disabled veterans,2026-03-04T22:33:42.567Z
BJA FY25 Public Safety and Mental Health Initiative,361325,https://www.grants.gov/search-results-detail/361325,,03/30/2026,02/19/2026,,Bureau of Justice Assistance,,Grants.gov,Housing,2026-03-04T22:33:45.007Z
NIGMS Institutional Biomedical Undergraduate Research Training (BURT) Program (T34),359861,https://www.grants.gov/search-results-detail/359861,,09/25/2028,12/29/2025,,National Institutes of Health,,Grants.gov,Housing,2026-03-04T22:33:45.007Z
Fiscal Year 2026 Phase II Continuation Consolidated Innovative Nuclear Research,361021,https://www.grants.gov/search-results-detail/361021,,05/20/2026,12/15/2025,,Idaho Field Office,,Grants.gov,Housing,2026-03-04T22:33:45.007Z
Limited Competition Renewal for the Continuation of the Liver Cirrhosis Network: Clinical Research Centers (U01 Clinical Trial Required),358910,https://www.grants.gov/search-results-detail/358910,,03/08/2027,12/05/2025,,National Institutes of Health,,Grants.gov,Housing,2026-03-04T22:33:45.007Z
Engineering Improved Stem Cell-Derived Islet Cells for Replacement Therapies (R01 - Clinical Trial Not Allowed),360931,https://www.grants.gov/search-results-detail/360931,,03/07/2026,12/03/2025,,National Institutes of Health,,Grants.gov,Housing,2026-03-04T22:33:45.007Z
"Strengthening Aging Services for Minority Populations Through Technical Assistance, Resource Development, and Program Coordination",360509,https://www.grants.gov/search-results-detail/360509,,,09/05/2025,,Administration for Community Living,,Grants.gov,Housing,2026-03-04T22:33:45.007Z
Leading Edge Acceleration Projects (LEAP) in Health Information Technology,341131,https://www.grants.gov/search-results-detail/341131,,09/30/2027,06/14/2022,,Office of the National Coordinator,,Grants.gov,Elderly,2026-03-04T22:33:47.261Z
Medical Scientist Training Program (MSTP),361271,https://www.grants.gov/search-results-detail/361271,,,02/10/2026,,National Institutes of Health,,Grants.gov,Leader,2026-03-04T22:33:49.497Z
Postdoctoral Research Fellowships in Biology,361249,https://www.grants.gov/search-results-detail/361249,,09/29/2026,02/05/2026,,U.S. National Science Foundation,,Grants.gov,Leader,2026-03-04T22:33:49.497Z
Indian Highway Safety Grant - Lifesavers Conference,361089,https://www.grants.gov/search-results-detail/361089,,03/10/2026,01/06/2026,,Bureau of Indian Affairs,,Grants.gov,Leader,2026-03-04T22:33:49.497Z
Fiscal Year 2026 Scientific Infrastructure Support for Consolidated Innovative Nuclear Research,361023,https://www.grants.gov/search-results-detail/361023,,04/09/2026,12/15/2025,,Idaho Field Office,,Grants.gov,Leader,2026-03-04T22:33:49.497Z
MCH Workforce Development and Training Center,360960,https://www.grants.gov/search-results-detail/360960,,,12/10/2025,,Health Resources and Services Administration,,Grants.gov,Leader,2026-03-04T22:33:49.497Z
Paul B. Beeson Emerging Leaders Career Development Award in Aging,360909,https://www.grants.gov/search-results-detail/360909,,,11/24/2025,,National Institutes of Health,,Grants.gov,Leader,2026-03-04T22:33:49.497Z
Infectious Diseases Clinical Trials Network (IDCTN),360875,https://www.grants.gov/search-results-detail/360875,,,11/18/2025,,National Institutes of Health,,Grants.gov,Leader,2026-03-04T22:33:49.497Z
BJA FY25 Strengthening Community Supervision Agency Operations Program,361323,https://www.grants.gov/search-results-detail/361323,,03/19/2026,02/19/2026,,Bureau of Justice Assistance,,Grants.gov,Community leadership,2026-03-04T22:33:53.016Z
Rural Community Health Support Program,361316,https://www.grants.gov/search-results-detail/361316,,,02/18/2026,,Health Resources and Services Administration,,Grants.gov,Community leadership,2026-03-04T22:33:53.016Z
"NEA Research Labs, FY 2027",361296,https://www.grants.gov/search-results-detail/361296,,03/23/2026,02/13/2026,,National Endowment for the Arts,,Grants.gov,Community leadership,2026-03-04T22:33:53.016Z
FY 2026 Competitive Funding Opportunity: All Stations Accessibility Program,361383,https://www.grants.gov/search-results-detail/361383,,05/01/2026,03/02/2026,,DOT/Federal Transit Administration,,Grants.gov,Executive training,2026-03-04T22:33:54.161Z
OJJDP FY25 Victims of Child Abuse Act Training and Technical Assistance for Child Abuse Prosecutors,361328,https://www.grants.gov/search-results-detail/361328,,03/30/2026,02/19/2026,,Office of Juvenile Justice Delinquency Prevention ,,Grants.gov,Executive training,2026-03-04T22:33:54.161Z
"NLM Institutional Grants for Research Training in Biomedical Informatics, Data Science, and AI",361318,https://www.grants.gov/search-results-detail/361318,,,02/18/2026,,National Institutes of Health,,Grants.gov,Executive training,2026-03-04T22:33:54.161Z
Network of the National Library of Medicine Coordinating Center (U24 Clinical Trial Optional),361282,https://www.grants.gov/search-results-detail/361282,,,02/11/2026,,National Institutes of Health,,Grants.gov,professional,2026-03-04T22:33:57.842Z
Network of the National Library of Medicine Training Center (U24 Clinical Trial Not Allowed),361281,https://www.grants.gov/search-results-detail/361281,,,02/11/2026,,National Institutes of Health,,Grants.gov,professional,2026-03-04T22:33:57.842Z
Network of the National Library of Medicine Regional Medical Libraries (UG4 Clinical Trial Not Allowed),361284,https://www.grants.gov/search-results-detail/361284,,,02/11/2026,,National Institutes of Health,,Grants.gov,professional,2026-03-04T22:33:57.842Z
Global Infectious Diseases Research Training Program (D43 Clinical Trial Optional),361252,https://www.grants.gov/search-results-detail/361252,,,02/06/2026,,National Institutes of Health,,Grants.gov,professional,2026-03-04T22:33:57.842Z